{"momentum": 0.7917010407732625, "clip_norm": 0.8528609077650416, "epsilon_decays": 125, "min_epsilon": 0.03906989918512264, "buffer_capacity": 4200, "batch_size": 128}