{"momentum": 0.02354115714298477, "clip_norm": 0.5180124724138337, "epsilon_decays": 173, "min_epsilon": 0.12206942293134578, "buffer_capacity": 8600, "batch_size": 128}