{"momentum": 0.3993567960732787, "clip_norm": 0.7500938529114672, "epsilon_decays": 165, "min_epsilon": 0.06061808433278743, "buffer_capacity": 1342, "batch_size": 128}