{"momentum": 0.5799638844261867, "clip_norm": 0.9506262782674, "epsilon_decays": 131, "min_epsilon": 0.15807136398761182, "buffer_capacity": 8000, "batch_size": 128}