{"momentum": 0.4631451241597939, "clip_norm": 0.728471944277649, "epsilon_decays": 121, "min_epsilon": 0.02868553466358021, "buffer_capacity": 5096, "batch_size": 64}